"","x"
"1","Rémi Godeau"
"2","Ludovic Vigogne"
"3","Jérémy Bouillard"
"4","Anne Bimar"
"5","Hakim El Karoui"
"6","l’Opinion"
"7","l'Opinion vidéos"
"8","l'Opinion vidéos"
"9","l’Opinion"
"10","Ludovic Vigogne"
"11","Ludovic Vigogne"
"12","Ludovic Vigogne"
"13","Raphaël Proust"
"14","L’Opinion"
"15","Ivanne Trippenbach"
"16","Nathalie Segaunes"
"17","Raphaël Proust"
"18","l'Opinion vidéos"
"19","Caroline Vigoureux"
"20","Ivanne Trippenbach"
"21","Raphaël Proust"
"22","Nathalie Segaunes"
"23","l’Opinion"
"24","Nicolas Beytout"
"25","l'Opinion vidéos"
"26","Caroline Vigoureux"
"27","Raphaël Proust"
"28","Ivanne Trippenbach"
"29","Nathalie Segaunes"
"30","Ludovic Vigogne"
"31","l'Opinion vidéos"
"32","Raphaël Proust"
"33","Caroline Vigoureux"
"34","Olivier Babeau"
"35","Ludovic Vigogne"
"36","l'Opinion vidéos"
"37","l'Opinion vidéos"
"38","Cyril Lacarrière"
"39","Caroline Vigoureux"
"40","Nicolas Beytout"
"41","l'Opinion vidéos"
"42","Caroline Vigoureux"
"43","Caroline Vigoureux"
"44","l'Opinion vidéos"
"45","l'Opinion vidéos"
"46","Francesco Maselli"
"47","Nicolas Beytout"
"48","Fanny Guinochet"
"49","Irène Inchauspé"
"50","Irène Inchauspé"
"51","Olivier Auguste"
"52","Hakim El Karoui"
"53","Maxime Sbaihi"
"54","Mireille Weinberg"
"55","l'Opinion vidéos"
"56","Caroline Vigoureux"
"57","Caroline Vigoureux"
"58","Olivier Auguste"
"59","Nathalie Segaunes"
"60","Ludovic Vigogne"
"61","l’Opinion"
"62","Irène Inchauspé"
"63","Cyril Lacarrière"
"64","Ivanne Trippenbach"
"65","l'Opinion vidéos"
"66","l'Opinion vidéos"
"67","l'Opinion vidéos"
"68","l'Opinion vidéos"
"69","l’Opinion"
"70","Caroline Vigoureux"
"71","Nicolas Beytout"
"72","Raphaël Proust"
"73","Ivanne Trippenbach"
"74","l'Opinion vidéos"
"75","Gilles Savary"
"76","Jean Mallot"
"77","Irène Inchauspé"
"78","l'Opinion vidéos"
"79","l'Opinion vidéos"
"80","l'Opinion vidéos"
"81","Caroline Vigoureux"
"82","Ivanne Trippenbach"
"83","Nathalie Segaunes"
"84","Nicolas Beytout"
"85","l'Opinion vidéos"
"86","Ludovic Vigogne"
"87","Nathalie Segaunes"
"88","Caroline Vigoureux"
"89","Nathalie Segaunes"
"90","Patrick Devedjian"
"91","Ivanne Trippenbach"
"92","l'Opinion vidéos"
"93","l'Opinion vidéos"
"94","l'Opinion vidéos"
"95","l’Opinion"
"96","Nathalie Segaunes"
"97","Raphaël Proust"
"98","Ivanne Trippenbach"
"99","Nathalie Segaunes"
"100","Irène Inchauspé"
"101","Nicolas Beytout"
"102","Caroline Vigoureux"
"103","l'Opinion vidéos"
"104","l’Opinion"
"105","François-Gilles Egretier"
"106","l'Opinion vidéos"
"107","l'Opinion vidéos"
"108","l’Opinion"
"109","Irène Inchauspé"
"110","Nathalie Segaunes"
"111","Ludovic Vigogne"
"112","Nicolas Beytout"
"113","Caroline Vigoureux"
"114","l'Opinion vidéos"
"115","Hakim El Karoui"
"116","Nicolas Forissier"
"117","l’Opinion"
"118","l'Opinion vidéos"
"119","l'Opinion vidéos"
"120","l'Opinion vidéos"
"121","Fanny Guinochet"
"122","Raphaël Proust"
"123","Raphaël Proust"
"124","l’Opinion"
"125","Nathalie Segaunes"
"126","l’Opinion"
"127","Agnès Evren et Pierre Liscia"
"128","Caroline Vigoureux"
"129","Ivanne Trippenbach"
"130","l’Opinion"
"131","Caroline Vigoureux"
"132","Ivanne Trippenbach"
"133","l’Opinion"
"134","Ludovic Vigogne"
"135","Nathalie Segaunes"
"136","Caroline Vigoureux"
"137","Cyril Lacarrière"
"138","Caroline Vigoureux"
"139","Olivier Auguste"
"140","Ivanne Trippenbach"
"141","Olivier Babeau"
"142","l'Opinion vidéos"
"143","l’Opinion"
"144","Irène Inchauspé"
"145","Ivanne Trippenbach"
"146","Jérémy Bouillard"
"147","Nathalie Segaunes"
"148","l’Opinion"
"149","Raphaël Proust"
"150","Ludovic Vigogne"
"151","l’Opinion"
"152","Irène Inchauspé"
"153","Ludovic Vigogne"
"154","Nathalie Segaunes"
"155","Nathalie Segaunes"
"156","Jérémy Bouillard"
"157","Ivanne Trippenbach"
"158","Irène Inchauspé"
"159","Hervé Morin"
"160","Cyril Lacarrière"
"161","Ivanne Trippenbach"
"162","Caroline Vigoureux"
"163","Ludovic Vigogne"
"164","Raphaël Proust"
"165","Irène Inchauspé"
"166","Ivanne Trippenbach"
"167","Jacques Beltran"
"168","Ivanne Trippenbach"
"169","l’Opinion"
"170","Nathalie Segaunes"
"171","Nicolas Beytout"
"172","Ivanne Trippenbach"
"173","Jean-Dominique Merchet"
"174","Gilles Savary"
"175","l'Opinion vidéos"
"176","l'Opinion vidéos"
"177","l'Opinion vidéos"
"178","l'Opinion vidéos"
"179","Ludovic Vigogne"
"180","Raphaël Proust"
"181","Caroline Vigoureux"
"182","Caroline Vigoureux"
"183","Ludovic Vigogne"
"184","l’Opinion"
"185","Jean-Dominique Merchet"
"186","Joann Mathias"
"187","Jérémy Bouillard"
"188","Patrick Devedjian"
"189","l’Opinion"
"190","Maxime Sbaihi"
"191","l'Opinion vidéos"
"192","l'Opinion vidéos"
"193","l'Opinion vidéos"
"194","Cyril Lacarrière"
"195","Caroline Vigoureux"
"196","Nathalie Segaunes"
"197","Ivanne Trippenbach"
"198","Ivanne Trippenbach"
"199","Caroline Vigoureux"
"200","l’Opinion"
"201","Osons le progrès"
"202","l'Opinion vidéos"
"203","l'Opinion vidéos"
"204","Ludovic Vigogne"
"205","Nathalie Segaunes"
"206","Raphaël Proust"
"207","l'Opinion vidéos"
"208","Jérémy Bouillard"
"209","l’Opinion"
"210","Irène Inchauspé"
"211","Frédéric Lefebvre"
"212","Hakim El Karoui"
"213","l’Opinion"
"214","Nathalie Segaunes"
"215","Nathalie Segaunes"
"216","Raphaël Proust"
"217","Zaki Laïdi"
"218","Nicolas Beytout"
"219","Ivanne Trippenbach"
"220","Erwan Le Noan"
"221","l’Opinion"
"222","l’Opinion"
"223","Ivanne Trippenbach"
"224","l’Opinion"
"225","Raphaël Proust"
"226","l'Opinion vidéos"
"227","l'Opinion vidéos"
"228","l'Opinion vidéos"
"229","Caroline Vigoureux"
"230","Irène Inchauspé"
"231","Ivanne Trippenbach"
"232","Irène Inchauspé"
"233","Nicolas Beytout"
"234","l’Opinion"
"235","Jean-Dominique Merchet"
"236","Grégoire de Lasteyrie"
"237","Joann Mathias"
"238","Caroline Vigoureux"
"239","Rémi Godeau"
"240","l’Opinion"
"241","Ivanne Trippenbach"
"242","Irène Inchauspé"
"243","l'Opinion vidéos"
"244","Sébastien Pilard"
"245","l'Opinion vidéos"
"246","l'Opinion vidéos"
"247","l'Opinion vidéos"
"248","l'Opinion vidéos"
"249","l'Opinion vidéos"
"250","l’Opinion"
"251","Raphaël Proust"
"252","Ludovic Vigogne"
"253","Raphaël Proust"
"254","Nicolas Beytout"
"255","Nathalie Segaunes"
"256","Ivanne Trippenbach"
"257","Caroline Vigoureux"
"258","l'Opinion vidéos"
"259","l'Opinion vidéos"
"260","Irène Inchauspé"
"261","l'Opinion vidéos"
"262","l'Opinion vidéos"
"263","l'Opinion vidéos"
"264","l'Opinion vidéos"
"265","l’Opinion"
"266","Nathalie Segaunes"
"267","Ivanne Trippenbach"
"268","Ludovic Vigogne"
"269","Nicolas Beytout"
"270","Pascal Airault"
"271","l'Opinion vidéos"
"272","Caroline Vigoureux"
"273","Ludovic Vigogne"
"274","Jérôme Dubus"
"275","l’Opinion"
"276","Nathalie Segaunes"
"277","Hakim El Karoui"
"278","Olivier Auguste"
"279","Nathalie Segaunes"
"280","Caroline Vigoureux"
"281","Raphaël Proust"
"282","Irène Inchauspé"
"283","l’Opinion"
"284","l’Opinion"
"285","Ivanne Trippenbach"
"286","l’Opinion"
"287","Xavier Fournier"
"288","l'Opinion vidéos"
"289","l'Opinion vidéos"
"290","Caroline Vigoureux"
"291","Isabelle Marchais"
"292","Irène Inchauspé"
"293","Louis Aliot"
"294","Gilles Savary"
"295","l'Opinion vidéos"
"296","l'Opinion vidéos"
"297","l'Opinion vidéos"
"298","l’Opinion"
"299","Ludovic Vigogne"
"300","Ludovic Vigogne"
"301","Rémi Godeau"
"302","Irène Inchauspé"
"303","Hubert Vedrine"
"304","Jérémy Bouillard"
"305","Ludovic Vigogne"
"306","l'Opinion vidéos"
"307","l'Opinion vidéos"
"308","Cyril Lacarrière"
"309","Caroline Vigoureux"
"310","Raphaël Proust"
"311","Nathalie Segaunes"
"312","Nicolas Beytout"
"313","Jérémy Bouillard"
"314","Joann Mathias"
"315","l’Opinion"
"316","L’Opinion (avec Reuters)"
"317","l’Opinion"
"318","l'Opinion vidéos"
"319","l'Opinion vidéos"
"320","l'Opinion vidéos"
"321","l'Opinion vidéos"
"322","Ludovic Vigogne"
"323","Nathalie Segaunes"
"324","Nicolas Beytout"
"325","Ludovic Vigogne"
"326","l’Opinion"
"327","Hakim El Karoui"
"328","l'Opinion vidéos"
"329","l'Opinion vidéos"
"330","l'Opinion vidéos"
"331","l'Opinion vidéos"
"332","l'Opinion vidéos"
"333","l’Opinion"
"334","Irène Inchauspé"
"335","Cyril Lacarrière"
"336","Caroline Vigoureux"
"337","Caroline Vigoureux"
"338","l’Opinion"
"339","l’Opinion"
"340","l’Opinion"
"341","Nathalie Segaunes"
"342","l'Opinion vidéos"
"343","l’Opinion"
"344","l'Opinion vidéos"
"345","Raphaël Proust"
"346","l'Opinion vidéos"
"347","l'Opinion vidéos"
"348","l'Opinion vidéos"
"349","Irène Inchauspé"
"350","Irène Inchauspé"
"351","Irène Inchauspé"
"352","l'Opinion vidéos"
"353","Nathalie Segaunes"
"354","l’Opinion"
"355","Romain POIROT-LELLIG"
"356","Fanny Guinochet"
"357","l'Opinion vidéos"
"358","l'Opinion vidéos"
"359","Caroline Vigoureux"
"360","Nathalie Segaunes"
"361","Nicolas Beytout"
"362","Caroline Vigoureux"
"363","Raphaël Proust"
"364","Joann Mathias"
"365","Bernard Accoyer"
"366","Philippe Juvin"
"367","l'Opinion vidéos"
"368","l'Opinion vidéos"
"369","Caroline Vigoureux"
"370","Nicolas Beytout"
"371","Irène Inchauspé"
"372","Caroline Vigoureux"
"373","Irène Inchauspé"
"374","l'Opinion vidéos"
"375","l'Opinion vidéos"
"376","L’Opinion (avec Reuters)"
"377","Nicolas Beytout"
"378","Hakim El Karoui"
"379","l’Opinion"
"380","l'Opinion vidéos"
"381","Ludovic Vigogne"
"382","Rémi Godeau"
"383","Ludovic Vigogne"
"384","Raphaël Proust"
"385","Eric Le Boucher"
"386","Agnès Evren"
"387","Cyril Lacarrière"
"388","Erwan Le Noan"
"389","l’Opinion"
"390","Monsieur KAK"
"391","Raphaël Proust"
"392","Cyril Lacarrière"
"393","Rémi Godeau"
"394","Ivanne Trippenbach"
"395","Irène Inchauspé"
"396","l’Opinion"
"397","Nicolas Beytout"
"398","Ludovic Vigogne"
"399","Nathalie Segaunes"
"400","Ludovic Vigogne"
"401","Ludovic Vigogne"
"402","Ludovic Vigogne"
"403","Raphaël Proust"
"404","Raphaël Proust"
"405","Caroline Vigoureux"
"406","Cyril Lacarrière"
"407","Raphaël Proust"
"408","Joann Mathias"
"409","Hakim El Karoui"
"410","Gilles Savary"
"411","Ludovic Vigogne"
"412","Irène Inchauspé"
"413","Ludovic Vigogne"
"414","Irène Inchauspé"
"415","Ludovic Vigogne"
"416","Nicolas Beytout"
"417","Rémi Godeau"
"418","Ludovic Vigogne"
"419","l’Opinion "
"420","Irène Inchauspé"
"421","Frédérique Vidal"
"422","l'Opinion vidéos"
"423","Ludovic Vigogne"
"424","Ludovic Vigogne"
"425","Joann Mathias"
"426","Gilles Le Gendre"
"427","Rémi Godeau"
"428","Ludovic Vigogne"
"429","Bernard Spitz"
"430","Joann Mathias"
"431","Cyril Lacarrière"
"432","Irène Inchauspé"
"433","Joann Mathias"
"434","Hakim El Karoui"
"435","l’Opinion"
"436","Ivanne Trippenbach"
"437","Joann Mathias"
"438","Cyril Lacarrière"
"439","Ludovic Vigogne"
"440","Rémi Godeau"
"441","Ludovic Vigogne"
"442","Ludovic Vigogne"
"443","Brune Poirson"
"444","l’Opinion"
"445","Cyril Lacarrière"
"446","l’Opinion"
"447","l’Opinion"
"448","Ivanne Trippenbach"
"449","Emmanuelle Ducros"
"450","Ivanne Trippenbach"
"451","Benjamin Griveaux"
"452","Rémi Godeau"
"453","Raphaël Proust"
"454","Jean-Carles Grelier"
"455","l'Opinion vidéos"
"456","Ludovic Vigogne"
"457","Rémi Godeau"
"458","Ludovic Vigogne"
"459","l’Opinion"
"460","Gilles Savary"
"461","Aurane Reihanian et 100 jeunes LR"
"462","l'Opinion vidéos"
"463","Raphaël Proust"
"464","Sélection de Rémi Godeau"
"465","Christophe Castaner"
"466","Ivanne Trippenbach"
"467","Ivanne Trippenbach"
"468","Rémi Godeau"
"469","Ludovic Vigogne"
"470","Guillaume Peltier"
"471","Olivier Auguste"
"472","Ivanne Trippenbach"
"473","Joann Mathias"
"474","Jean-Dominique Merchet"
"475","Hakim El Karoui"
"476","l'Opinion vidéos"
"477","Olivier Auguste"
"478","Raphaël Proust"
"479","l’Opinion"
"480","Mireille Weinberg"
"481","Olivier Auguste"
"482","Ivanne Trippenbach"
"483","Ivanne Trippenbach"
"484","Sébastien Chenu"
"485","l'Opinion vidéos"
"486","Ivanne Trippenbach"
"487","Ivanne Trippenbach"
"488","l’Opinion"
"489","Nathalie Segaunes"
"490","Mounir Mahjoubi"
"491","Jean-Dominique Merchet"
"492","Ivanne Trippenbach"
"493","Cyrille Lachèvre"
"494","l'Opinion vidéos"
"495","Béatrice Houchard"
"496","David Nguyen"
"497","l’Opinion"
"498","l’Opinion"
"499","l’Opinion"
"500","Ivanne Trippenbach"
"501","Ivanne Trippenbach"
"502","Olivier Auguste"
"503","Joann Mathias"
"504","Ludovic Vigogne"
"505","François de Rugy"
"506","l'Opinion vidéos"
"507","l’Opinion"
"508","Ivanne Trippenbach"
"509","Olivier Auguste"
"510","Ivanne Trippenbach"
"511","Jean-Baptiste Noé et Victor Fouquet"
"512","l’Opinion"
"513","l’Opinion"
"514","l’Opinion"
"515","l'Opinion vidéos"
"516","l’Opinion"
"517","l’Opinion"
"518","Ivanne Trippenbach"
"519","l'Opinion vidéos"
"520","Irène Inchauspé"
"521","Gilles Savary"
"522","Cécile Philippe"
"523","l’Opinion"
"524","l'Opinion vidéos"
"525","l’Opinion"
"526","Nathalie Segaunes"
"527","Raphaël Proust"
"528","Caroline Vigoureux"
"529","Ivanne Trippenbach"
"530","Jean-Dominique Merchet"
"531","l'Opinion vidéos"
"532","Jean-Baptiste Noé et Victor Fouquet"
"533","l’Opinion"
"534","Joann Mathias"
"535","l’Opinion"
"536","Ivanne Trippenbach"
"537","Nathalie Segaunes"
"538","Caroline Vigoureux"
"539","Ivanne Trippenbach"
"540","l'Opinion vidéos"
"541","Joann Mathias"
"542","Florian Philippot"
"543","Caroline Vigoureux"
"544","l'Opinion vidéos"
"545","Ivanne Trippenbach"
"546","Olivier Auguste"
"547","Caroline Vigoureux"
"548","Ivanne Trippenbach"
"549","l’Opinion"
"550","l'Opinion vidéos"
"551","l’Opinion"
"552","l'Opinion vidéos"
"553","Raphaël Proust"
"554","Nathalie Segaunes"
"555","Cyrille Lachèvre"
"556","Ivanne Trippenbach"
"557","Eric Le Boucher"
"558","Jérémy Bouillard"
"559","Ivanne Trippenbach"
"560","Mahasti Saghatchian"
"561","Irène Inchauspé"
"562","l'Opinion vidéos"
"563","Cyril Lacarrière"
"564","Caroline Vigoureux"
"565","Nathalie Segaunes"
"566","Nicolas Beytout"
"567","Raphaël Proust"
"568","Jean-Dominique Merchet"
"569","l'Opinion vidéos"
"570","Marlène Schiappa"
"571","l’Opinion"
"572","Nathalie Segaunes"
"573","Caroline Vigoureux"
"574","l'Opinion vidéos"
"575","Benoît Simian"
"576","l’Opinion"
"577","Ivanne Trippenbach"
"578","l'Opinion vidéos"
"579","Jean-Baptiste Noé et Victor Fouquet"
"580","Irène Inchauspé"
"581","Caroline Vigoureux"
"582","Raphaël Proust"
"583","Ivanne Trippenbach"
"584","Nathalie Segaunes"
"585","Nathalie Segaunes"
"586","l'Opinion vidéos"
"587","Cyrille Lachèvre"
"588","l’Opinion"
"589","Jean-Baptiste Noé et Victor Fouquet"
"590","Olivier Auguste"
"591","l'Opinion vidéos"
"592","Nathalie Segaunes"
"593","Ivanne Trippenbach"
"594","l'Opinion vidéos"
"595","Olivier Babeau"
"596","Hakim El Karoui"
"597","Raphaël Proust"
"598","Nicolas Beytout"
"599","L’Opinion"
"600","L’Opinion"
"601","L’Opinion"
"602","l’Opinion"
"603","Caroline Vigoureux"
"604","Rémi Godeau"
"605","Caroline Vigoureux"
"606","Irène Inchauspé"
"607","Rémi Godeau"
"608","Raphaël Proust"
"609","Jean-Dominique Merchet"
"610","l'Opinion vidéos"
"611","l'Opinion vidéos"
"612","Ivanne Trippenbach"
"613","Caroline Vigoureux"
"614","Irène Inchauspé"
"615","Isabelle Marchais"
"616","Irène Inchauspé"
"617","Nicolas Beytout"
"618","l'Opinion vidéos"
"619","Patrick Devedjian"
"620","l'Opinion vidéos"
"621","Caroline Vigoureux"
"622","Irène Inchauspé"
"623","Ivanne Trippenbach"
"624","Fanny Guinochet"
"625","Caroline Cayeux"
"626","Irène Inchauspé"
"627","l’Opinion"
"628","l'Opinion vidéos"
"629","l'Opinion vidéos"
"630","Caroline Vigoureux"
"631","Ivanne Trippenbach"
"632","Nathalie Segaunes"
"633","Nicolas Beytout"
"634","l'Opinion vidéos"
"635","l’Opinion"
"636","Alexandre Malafaye"
"637","Caroline Vigoureux"
"638","Joann Mathias"
"639","Hakim El Karoui"
"640","l'Opinion vidéos"
"641","l'Opinion vidéos"
"642","l'Opinion vidéos"
"643","l'Opinion vidéos"
"644","Caroline Vigoureux"
"645","Nathalie Segaunes"
"646","Ivanne Trippenbach"
"647","Rémi Godeau"
"648","Nathalie Segaunes"
"649","Cyril Lacarrière"
"650","Rebecca Ballhaus"
"651","Ivanne Trippenbach"
"652","Manuel Alduy"
"653","l’Opinion"
"654","Olivier Auguste"
"655","Caroline Vigoureux"
"656","l'Opinion vidéos"
"657","l'Opinion vidéos"
"658","Nathalie Segaunes"
"659","Nicolas Beytout"
"660","Gilles Savary"
"661","Raphaël Proust"
"662","Ivanne Trippenbach"
"663","Nathalie Segaunes"
"664","l'Opinion vidéos"
"665","l'Opinion vidéos"
"666","l'Opinion vidéos"
"667","l'Opinion vidéos"
"668","l'Opinion vidéos"
"669","l’Opinion"
"670","Cyril Lacarrière"
"671","Nathalie Segaunes"
"672","Ivanne Trippenbach"
"673","Emmanuelle Ducros"
"674","Bruno Retailleau"
"675","Olivier Babeau"
"676","l’Opinion"
"677","Jean-Dominique Merchet"
"678","Jerome Dubus"
"679","Patrick Devedjian"
"680","l’Opinion"
"681","l'Opinion vidéos"
"682","l’Opinion"
"683","Coluche"
"684","Irène Inchauspé"
"685","Ivanne Trippenbach"
"686","Caroline Vigoureux"
"687","Rémi Godeau"
"688","Raphaël Proust"
"689","l’Opinion"
"690","Irène Inchauspé"
"691","Nathalie Segaunes"
"692","l’Opinion"
"693","Caroline Vigoureux"
"694","Ivanne Trippenbach"
"695","Irène Inchauspé"
"696","Hakim El Karoui"
"697","Julien Dive"
"698","Ivanne Trippenbach"
"699","Raphaël Proust"
"700","Ludovic Vigogne"
"701","Ivanne Trippenbach"
"702","Eric Woerth"
"703","Nathalie Segaunes"
"704","l’Opinion"
"705","Ivanne Trippenbach"
"706","l’Opinion"
"707","Ludovic Vigogne"
"708","Ludovic Vigogne"
"709","Ivanne Trippenbach"
"710","Nicolas Beytout"
"711","Raphaël Legendre"
"712","Ludovic Vigogne"
"713","Jess Bravin"
"714","l’Opinion"
"715","Michèle Alliot-Marie"
"716","Joann Mathias"
"717","l’Opinion"
"718","Nathalie Segaunes"
"719","Raphaël Proust"
"720","Jérémy Bouillard"
"721","Jean-Dominique Merchet"
"722","Ludovic Vigogne"
"723","Irène Inchauspé"
"724","l’Opinion"
"725","Patrick Devedjian"
"726","l’Opinion"
"727","l’Opinion"
"728","Caroline Vigoureux"
"729","Jean-Dominique Merchet"
"730","Ivanne Trippenbach"
"731","Irène Inchauspé"
"732","Caroline Vigoureux"
"733","l’Opinion"
"734","Béatrice Houchard"
"735","Nicolas Beytout"
"736","Ludovic Vigogne"
"737","Pierre Farge"
"738","Didier Baichère "
"739","Hakim El Karoui"
"740","Alexandre Malafaye"
"741","l'Opinion vidéos"
"742","Ludovic Vigogne"
"743","Caroline Vigoureux"
"744","Ludovic Vigogne"
"745","Ludovic Vigogne"
"746","Nicolas Beytout"
"747","Ludovic Vigogne"
"748","Ivanne Trippenbach"
"749","Caroline Vigoureux"
"750","Céline Bähr"
"751","Caroline Vigoureux"
"752","Nicolas Beytout"
"753","Gilles Savary"
"754","l’Opinion"
"755","Raphaël Proust"
"756","Caroline Vigoureux"
"757","Jean-Dominique Merchet"
"758","Cyril Lacarrière"
"759","Nicolas Beytout"
"760","Béatrice Houchard"
"761","Ludovic Vigogne"
"762","l’Opinion"
"763","Patrick Devedjian"
"764","Ivanne Trippenbach"
"765","l’Opinion"
"766","Ludovic Vigogne"
"767","Caroline Vigoureux"
"768","Jean-Dominique Merchet"
"769","Irène Inchauspé"
"770","l’Opinion"
"771","Alexandre Vesperini"
"772","R.G."
"773","l’Opinion"
"774","l’Opinion"
"775","l’Opinion"
"776","Caroline Vigoureux"
"777","Ludovic Vigogne"
"778","Nathalie Segaunes"
"779","Rémi Godeau"
"780","Ludovic Vigogne"
"781","Hakim El Karoui"
"782","l’Opinion"
"783","Ludovic Vigogne"
"784","Caroline Vigoureux"
"785","Olivier Auguste"
"786","Ludovic Vigogne"
"787","Béatrice Houchard"
"788","Jean-Dominique Merchet"
"789","l’Opinion"
"790","l'Opinion vidéos"
"791","Nathalie Segaunes"
"792","Béatrice Houchard"
"793","Raphaël Proust"
"794","Caroline Vigoureux"
"795","Nathalie Segaunes"
"796","Nicolas Beytout"
"797","Patrick Devedjian"
"798","l’Opinion"
"799","Caroline Vigoureux"
"800","Ludovic Vigogne"
"801","Irène Inchauspé"
"802","Ivanne Trippenbach"
"803","Nathalie Segaunes"
"804","Ludovic Vigogne"
"805","Caroline Vigoureux"
"806","Ludovic Vigogne"
"807","Caroline Vigoureux"
"808","Ludovic Vigogne"
"809","Ludovic Vigogne"
"810","Ivanne Trippenbach"
"811","Hakim El Karoui"
"812","Irène Inchauspé"
"813","Nathalie Segaunes"
"814","Rémi Godeau"
"815","Béatrice Houchard"
"816","Eric Le Boucher"
"817","l’Opinion"
"818","l’Opinion"
"819","l’Opinion"
"820","L’Opinion"
"821","Ivanne Trippenbach"
"822","L’Opinion"
"823","l’Opinion"
"824","l’Opinion"
"825","Ivanne Trippenbach"
"826","Nathalie Segaunes"
"827","Raphaël Proust"
"828","Caroline Vigoureux"
"829","Rémi Godeau"
"830","l'Opinion vidéos"
"831","Ivanne Trippenbach"
"832","l’Opinion"
"833","Cyril Lacarrière"
"834","Cyril Lacarrière"
"835","Nathalie Segaunes"
"836","Ludovic Vigogne"
"837","Christophe Rouillon"
"838","Béatrice Houchard"
"839","Cyril Lacarrière"
"840","l’Opinion"
"841","Patrick Devedjian"
"842","l’Opinion"
"843","Nathalie Segaunes"
"844","Caroline Vigoureux"
"845","Ludovic Vigogne"
"846","Irène Inchauspé"
"847","l’Opinion"
"848","Hakim El Karoui"
"849","l’Opinion"
"850","Nicolas Beytout"
"851","Laurent Cohen-Tanugi"
"852","Rémi Godeau"
"853","Irène Inchauspé"
"854","Nicolas Beytout"
"855","Ludovic Vigogne"
"856","Ivanne Trippenbach"
"857","6 Medias"
"858","Martine Daoust et Patrick Hetzel"
"859","6 Medias"
"860","Béatrice Houchard"
"861","Eric Le Boucher"
"862","Béatrice Houchard"
"863","Olivier Auguste"
"864","Irène Inchauspé"
"865","Raphaël Proust"
"866","Béatrice Houchard"
"867","l'Opinion vidéos"
"868","Ivanne Trippenbach"
"869","l’Opinion"
"870","l'Opinion vidéos"
"871","l'Opinion vidéos"
"872","l'Opinion vidéos"
"873","l'Opinion vidéos"
"874","l'Opinion vidéos"
"875","Nathalie Segaunes"
"876","Nicolas Beytout"
"877","l'Opinion vidéos"
"878","Ludovic Vigogne"
"879","l'Opinion vidéos"
"880","Caroline Vigoureux"
"881","Caroline Vigoureux"
"882","Béatrice Houchard"
"883","Ivanne Trippenbach"
"884","Béatrice Houchard"
"885","Rémi Godeau"
"886","Nathalie Segaunes"
"887","Romain Segond"
"888","Raphaël Proust"
"889","Patrick Devedjian"
"890","Caroline Vigoureux"
"891","Nicolas Beytout"
"892","l'Opinion vidéos"
"893","Béatrice Houchard"
"894","l’Opinion"
"895","Nicolas Beytout"
"896","Caroline Vigoureux"
"897","Raphaël Proust"
"898","Ivanne Trippenbach"
"899","Ludovic Vigogne"
"900","Irène Inchauspé"
"901","Hakim El Karoui"
"902","Nathalie Segaunes"
"903","Nathalie Segaunes"
"904","Nicolas Beytout"
"905","Irène Inchauspé"
"906","Raphaël Proust"
"907","Ivanne Trippenbach"
"908","Irène Inchauspé"
"909","l’Opinion"
"910","Cyril Lacarrière"
"911","L’Opinion"
"912","l'Opinion vidéos"
"913","Florent Boudié"
"914","l’Opinion"
"915","Nicolas Beytout"
"916","Caroline Vigoureux"
"917","Raphaël Proust"
"918","Gilles Savary"
"919","Nathalie Segaunes"
"920","Ludovic Vigogne"
"921","Béatrice Houchard"
"922","Raphaël Proust"
"923","Nathalie Segaunes"
"924","Ludovic Vigogne"
"925","Caroline Vigoureux"
"926","Irène Inchauspé"
"927","Béatrice Houchard"
"928","Cyrille Lachèvre"
"929","Caroline Vigoureux"
"930","Renaud Belleville"
"931","Philippe Bas"
"932","Ivanne Trippenbach"
"933","Ludovic Vigogne"
"934","Ivanne Trippenbach"
"935","Cyrille Lachèvre"
"936","Irène Inchauspé"
"937","Irène Inchauspé"
"938","Julien Aubert"
"939","Irène Inchauspé"
"940","Caroline Vigoureux"
"941","Jean-Christophe Cambadelis"
"942","L’Opinion"
"943","Nathalie Segaunes"
"944","l’Opinion"
"945","l’Opinion"
"946","Ivanne Trippenbach"
"947","Nathalie Segaunes"
"948","Ivanne Trippenbach"
"949","Irène Inchauspé"
"950","Nathalie Segaunes"
"951","Benoît Simian"
"952","Olivier Auguste"
"953","l’Opinion"
"954","Michael Miguères"
"955","Caroline Vigoureux"
"956","l’Opinion"
"957","Raphaël Proust"
"958","Nathalie Segaunes"
"959","Rémi Godeau"
"960","Béatrice Houchard"
"961","Olivier Babeau"
"962","Patrick Devedjian"
"963","Philippe Juvin"
"964","Ludovic Vigogne"
"965","Ludovic Vigogne"
"966","Raphaël Proust"
"967","Nathalie Segaunes"
"968","Nicolas Beytout"
"969","l’Opinion"
"970","Ivanne Trippenbach"
"971","Caroline Vigoureux"
"972","Ivanne Trippenbach"
"973","Ivanne Trippenbach"
"974","Nicolas Beytout"
"975","Hakim El Karoui"
"976","Ludovic Vigogne"
"977","Ludovic Vigogne"
"978","Rémi Godeau"
"979","Ivanne Trippenbach"
"980","L’Opinion"
"981","Eric Le Boucher"
"982","Nathalie Segaunes"
"983","L’Opinion"
"984","l’Opinion"
"985","L’Opinion"
"986","Béatrice Houchard"
"987","l’Opinion"
"988","l’Opinion"
"989","Hakim El Karoui"
"990","Béatrice Houchard"
"991","Ludovic Vigogne"
"992","Caroline Vigoureux"
"993","Caroline Vigoureux"
"994","Caroline Vigoureux"
"995","Caroline Vigoureux"
"996","Raphaël Proust"
"997","Jean-Dominique Merchet"
"998","l’Opinion"
"999","Ludovic Vigogne"
"1000","l’Opinion"
"1001","Nathalie Segaunes"
"1002","Muriel Motte"
"1003","Nathalie Segaunes"
"1004","Nathalie Segaunes"
"1005","Eric Le Boucher"
"1006","Caroline Vigoureux"
"1007","l’Opinion"
"1008","l’Opinion "
"1009","Ludovic Vigogne"
"1010","l’Opinion"
"1011","Raphaël Proust"
"1012","Ludovic Vigogne"
"1013","Nicolas Beytout"
"1014","Ludovic Vigogne"
"1015","Irène Inchauspé"
"1016","Irène Inchauspé"
"1017","Irène Inchauspé"
"1018","l’Opinion"
"1019","Patrick Devedjian"
"1020","Ludovic Vigogne"
"1021","Ivanne Trippenbach"
"1022","Caroline Vigoureux"
"1023","Alexandre Malafaye"
"1024","Hakim El Karoui"
"1025","l’Opinion"
"1026","Olivier Babeau"
"1027","l’Opinion"
"1028","Nicolas Beytout"
"1029","Ivanne Trippenbach"
"1030","Jean Philippe Delsol"
"1031","Jean-Dominique Merchet"
"1032","Béatrice Houchard"
"1033","Nathalie Segaunes"
"1034","Irène Inchauspé"
"1035","Béatrice Houchard"
"1036","Nathalie Segaunes"
"1037","Nathalie Segaunes"
"1038","Emmanuel Maurel"
"1039","Raphaël Proust"
"1040","Ivanne Trippenbach"
"1041","Irène Inchauspé"
"1042","Rémi Godeau"
"1043","Eric Le Boucher"
"1044","Irène Inchauspé"
"1045","Ludovic Vigogne"
"1046","L’Opinion"
"1047","Raphaël Proust"
"1048","Romain Segond"
"1049","l’Opinion"
"1050","l’Opinion"
"1051","Ivanne Trippenbach"
"1052","Caroline Vigoureux"
"1053","Raphaël Legendre"
"1054","Irène Inchauspé"
"1055","Nicolas Beytout"
"1056","l’Opinion"
"1057","l’Opinion"
"1058","Gilles Savary"
"1059","Cyril Lacarrière"
"1060","Cyril Lacarrière"
"1061","Raphaël Proust"
"1062","l’Opinion"
"1063","Irène Inchauspé"
"1064","Béatrice Houchard"
"1065","Ludovic Vigogne"
"1066","Olivier Babeau"
"1067","l’Opinion"
"1068","l’Opinion"
"1069","Jean-Jérôme Bertolus"
"1070","Cyril Lacarrière"
"1071","Ludovic Vigogne"
"1072","Ivanne Trippenbach"
"1073","Julien Aubert et 8 parlementaires LR "
"1074","Ludovic Vigogne"
"1075","l’Opinion"
"1076","Caroline Vigoureux"
"1077","Rémi Godeau"
"1078","Raphaël Proust"
"1079","Béatrice Houchard"
"1080","Béatrice Houchard"
"1081","Ivanne Trippenbach"
"1082","Hakim El Karoui"
"1083","l’Opinion"
"1084","Cyrille Lachèvre"
"1085","Raphaël Proust"
"1086","Ivanne Trippenbach"
"1087","Patrick Stefanini"
"1088","Irène Inchauspé"
"1089","Jean-Jérôme Bertolus"
"1090","Erwan Le Noan"
"1091","l’Opinion"
"1092","l’Opinion"
"1093","Raphaël Proust"
"1094","Ivanne Trippenbach"
"1095","l’Opinion"
"1096","Ludovic Vigogne"
"1097","Raphaël Proust"
"1098","Caroline Vigoureux"
"1099","Ivanne Trippenbach"
"1100","Ivanne Trippenbach"
"1101","l’Opinion"
"1102","l’Opinion"
"1103","Irène Inchauspé"
"1104","Irène Inchauspé"
"1105","Caroline Vigoureux"
"1106","Irène Inchauspé"
"1107","Ludovic Vigogne"
"1108","Jean-Jérôme Bertolus"
"1109","Jean-Jérôme Bertolus"
"1110","Patrick Devedjian"
"1111","l’Opinion"
"1112","Jean-Dominique Merchet"
"1113","Olivier Babeau"
"1114","Béatrice Houchard"
"1115","Ivanne Trippenbach"
"1116","Ludovic Vigogne"
"1117","Raphaël Proust"
"1118","Jean-Jérôme Bertolus"
"1119","Cyril Lacarrière"
"1120","Nicolas Beytout"
"1121","Caroline Vigoureux"
"1122","l’Opinion"
"1123","Raphaël Proust"
"1124","Caroline Vigoureux"
"1125","72 enseignants de l’Université Paris-Nanterre"
"1126","l’Opinion"
"1127","l’Opinion"
"1128","Caroline Vigoureux"
"1129","Ludovic Vigogne"
"1130","Cyril Lacarrière"
"1131","Nicolas Beytout"
"1132","Cyril Lacarrière"
"1133","Raphaël Proust"
"1134","l’Opinion"
"1135","Ludovic Vigogne"
"1136","l’Opinion"
"1137","Béatrice Houchard"
"1138","Ludovic Vigogne"
"1139","Nathalie Segaunes"
"1140","Nathalie Segaunes"
"1141","Caroline Vigoureux"
"1142","Eric Le Boucher"
"1143","Erwan Le Noan"
"1144","Ludovic Vigogne"
"1145","l’Opinion"
"1146","l’Opinion"
"1147","l’Opinion"
"1148","Aurane Reihanian"
"1149","Irène Inchauspé"
"1150","Raphaël Proust"
"1151","Nathalie Segaunes"
"1152","Ivanne Trippenbach"
"1153","Nicolas Beytout"
"1154","Gilles Savary"
"1155","Raphaël Proust"
"1156","Ivanne Trippenbach"
"1157","Ivanne Trippenbach"
"1158","Ludovic Vigogne"
"1159","Caroline Vigoureux"
"1160","Béatrice Houchard"
"1161","Rémi Godeau"
"1162","Irène Inchauspé"
"1163","Nathalie Segaunes"
"1164","l’Opinion"
"1165","Olivier Babeau"
"1166","Caroline Vigoureux"
"1167","Nathalie Segaunes"
"1168","Ivanne Trippenbach"
"1169","Nathalie Segaunes"
"1170","Irène Inchauspé"
"1171","Nicolas Beytout"
"1172","Irène Inchauspé"
"1173","Nathalie Segaunes"
"1174","Ivanne Trippenbach"
"1175","l’Opinion"
"1176","Raphaël Proust"
"1177","Ivanne Trippenbach"
"1178","Nicolas Beytout"
"1179","l’Opinion"
"1180","Raphaël Proust"
"1181","Ivanne Trippenbach"
"1182","Jerôme Dubus"
"1183","Alexandre Malafaye"
"1184","Hakim El Karoui"
"1185","l’Opinion"
"1186","Caroline Vigoureux"
"1187","Irène Inchauspé"
"1188","Raphaël Legendre"
"1189","Jean-Jérôme Bertolus"
"1190","David Lisnard"
"1191","l’Opinion"
"1192","Nathalie Segaunes"
"1193","Raphaël Proust"
"1194","Jean-Jérôme Bertolus"
"1195","Ivanne Trippenbach"
"1196","Caroline Vigoureux"
"1197","Emmanuelle Ducros"
"1198","Nathalie Segaunes"
"1199","Cercle Droit et Débat Public"
"1200","Ludovic Vigogne"
"1201","Raphaël Proust"
"1202","Ivanne Trippenbach"
"1203","Nathalie Segaunes"
"1204","Raphaël Proust"
"1205","Béatrice Houchard"
"1206","Ivanne Trippenbach"
"1207","Jean-Jérôme Bertolus"
"1208","Nathalie Segaunes"
"1209","Nicolas Beytout"
"1210","Irène Inchauspé"
"1211","Alexandre Malafaye"
"1212","Ludovic Vigogne"
"1213","l’Opinion"
"1214","Ludovic Vigogne"
"1215","Rémi Godeau"
"1216","Béatrice Houchard"
"1217","Ludovic Vigogne"
"1218","Béatrice Houchard"
"1219","Ivanne Trippenbach"
"1220","Hakim El Karoui"
"1221","l’Opinion"
"1222","l’Opinion"
"1223","l’Opinion"
"1224","l’Opinion"
"1225","l’Opinion "
"1226","l’Opinion"
"1227","l’Opinion"
"1228","Nathalie Segaunes"
"1229","Ivanne Trippenbach"
"1230","l'Opinion vidéos"
"1231","l'Opinion vidéos"
"1232","l'Opinion vidéos"
"1233","l’Opinion"
"1234","Ivanne Trippenbach"
"1235","Béatrice Houchard"
"1236","Nicolas Beytout"
"1237","Irène Inchauspé"
"1238","Julien Aubert et Jean-Philippe Mallé"
"1239","Gilles Savary"
"1240","Ivanne Trippenbach"
"1241","Irène Inchauspé"
"1242","Nathalie Segaunes"
"1243","Ivanne Trippenbach"
"1244","Irène Inchauspé"
"1245","Rémi Godeau"
"1246","Ivanne Trippenbach"
"1247","Guillaume Durand"
"1248","Béatrice Houchard"
"1249","6 Medias"
"1250","6 Medias"
"1251","Patrick Devedjian"
"1252","6 Medias"
"1253","Ivanne Trippenbach"
"1254","Nathalie Segaunes"
"1255","Jean-Jérôme Bertolus"
"1256","Nicolas Beytout"
"1257","Renaud Large"
"1258","Irène Inchauspé"
"1259","6 Medias"
"1260","6 Medias"
"1261","Ivanne Trippenbach"
"1262","Irène Inchauspé"
"1263","Ludovic Vigogne"
"1264","Irène Inchauspé"
"1265","Ivanne Trippenbach"
"1266","Nicolas Beytout"
"1267","Irène Inchauspé"
"1268","Hakim El Karoui"
"1269","Alexandre Malafaye"
"1270","6 Medias"
"1271","Nathalie Segaunes"
"1272","Ivanne Trippenbach"
"1273","Olivier Auguste"
"1274","6 Medias"
"1275","6 Medias"
"1276","6 Medias"
"1277","Johann Fourmond"
"1278","6 Medias"
"1279","Jean-Dominique Merchet"
"1280","l’Opinion "
"1281","6 Medias"
"1282","6 Medias"
"1283","Virginie Calmels"
"1284","6 Medias"
"1285","Caroline Vigoureux"
"1286","Olivier Auguste"
"1287","Jean-Jérôme Bertolus"
"1288","Nathalie Segaunes"
"1289","Cécile Dejoux"
"1290","6 Medias"
"1291","Nathalie Segaunes"
"1292","Jean-Jérôme Bertolus"
"1293","l’Opinion"
"1294","Rémi Godeau"
"1295","Caroline Vigoureux"
"1296","Patrick Devedjian"
"1297","Olivier Babeau"
"1298","Ivanne Trippenbach"
"1299","Béatrice Houchard"
"1300","Nathalie Segaunes"
"1301","Caroline Vigoureux"
"1302","Béatrice Houchard"
"1303","Olivier Auguste"
"1304","6 Medias"
"1305","Caroline Vigoureux"
"1306","6 Medias"
"1307","6 Medias"
"1308","Nathalie Segaunes"
"1309","Hakim El Karoui"
"1310","Caroline Vigoureux"
"1311","Jean-Jérôme Bertolus"
"1312","Nathalie Segaunes"
"1313","Cyrille Lachèvre"
"1314","Nathalie Segaunes"
"1315","Eric Le Boucher"
"1316","Raphaël Proust"
"1317","Erwan Le Noan"
"1318","6 Medias"
"1319","Béatrice Houchard"
"1320","6 Medias"
"1321","6 Medias"
"1322","Jean-Jérôme Bertolus"
"1323","Ludovic Vigogne"
"1324","Jean-Jérôme Bertolus"
"1325","Nathalie Segaunes"
"1326","Irène Inchauspé"
"1327","Nicolas Beytout"
"1328","6 Medias"
"1329","Béatrice Houchard"
"1330","Gilles Savary"
"1331","Caroline Vigoureux"
"1332","Ludovic Vigogne"
"1333","Patrick Devedjian"
"1334","Olivier Babeau"
"1335","Caroline Vigoureux"
"1336","Caroline Vigoureux"
"1337","Raphaël Proust"
"1338","Ludovic Vigogne"
"1339","Nathalie Segaunes"
"1340","Caroline Vigoureux"
"1341","Irène Inchauspé"
"1342","Julien Damon"
"1343","6 Medias"
"1344","Cyril Lacarrière"
"1345","Jean-Jérôme Bertolus"
"1346","Nathalie Segaunes"
"1347","Rémi Godeau"
"1348","Béatrice Houchard"
"1349","Raphaël Proust"
"1350","Irène Inchauspé"
"1351","Raphaël Proust"
"1352","Bernard Accoyer"
"1353","Hakim El Karoui"
"1354","6 Medias"
"1355","Alexandre Malafaye"
"1356","6 Medias"
"1357","Caroline Vigoureux"
"1358","Jean-Jérôme Bertolus"
"1359","Raphaël Proust"
"1360","Caroline Vigoureux"
"1361","Caroline Vigoureux"
"1362","Nicolas Beytout"
"1363","Ivanne Trippenbach"
"1364","Béatrice Houchard"
"1365","Emmanuelle Ducros"
"1366","Ivanne Trippenbach"
"1367","Béatrice Houchard"
"1368","6 Medias"
"1369","Béatrice Houchard"
"1370","l’Opinion"
"1371","Béatrice Houchard"
"1372","Ludovic Vigogne"
"1373","Nathalie Segaunes"
"1374","Béatrice Houchard"
"1375","Béatrice Houchard"
"1376","Béatrice Houchard"
"1377","Raphaël Proust"
"1378","Ludovic Vigogne"
"1379","Virginie Duby-Muller, Valérie Boyer et alii"
"1380","6 Medias"
"1381","6 Medias"
"1382","Béatrice Houchard"
"1383","Jean-Jérôme Bertolus"
"1384","6 Medias"
"1385","Caroline Vigoureux"
"1386","Raphaël Proust"
"1387","Jean-Jérôme Bertolus"
"1388","Olivier Auguste"
"1389","6 Medias"
"1390","Patrick Devedjian"
"1391","Caroline Vigoureux"
"1392","Raphaël Proust"
"1393","Caroline Vigoureux"
"1394","Caroline Vigoureux"
"1395","Ludovic Vigogne"
"1396","Jean-Jérôme Bertolus"
"1397","Ludovic Vigogne"
"1398","Nicolas Beytout"
"1399","Jean-Jérôme Bertolus"
"1400","6 Medias"
"1401","Caroline Vigoureux"
"1402","Nathalie Segaunes"
"1403","Christine Revault d’Allonnes"
"1404","Gaspard Koenig et Camille Potier"
"1405","Hakim El Karoui"
"1406","Raphaël Proust"
"1407","6 Medias"
"1408","Ludovic Vigogne"
"1409","Raphaël Proust"
"1410","Ludovic Vigogne"
"1411","Nathalie Segaunes"
"1412","Caroline Vigoureux"
"1413","Caroline Vigoureux"
"1414","Irène Inchauspé"
"1415","Eric Le Boucher"
"1416","Erwan Le Noan"
"1417","6 Medias"
"1418","6 Medias"
"1419","Pierre-Yves Bournazel"
"1420","Nathalie Segaunes"
"1421","Nicolas Beytout"
"1422","Gilles Savary"
"1423","Béatrice Houchard"
"1424","Jean-Dominique Merchet"
"1425","Nicolas Beytout"
"1426","Caroline Vigoureux"
"1427","Jean-Dominique Merchet"
"1428","Jean-Dominique Merchet"
"1429","Ludovic Vigogne"
"1430","Nathalie Segaunes"
"1431","Cyril Lacarrière"
"1432","Jean Spiri"
"1433","Alain Laurent"
"1434","Raphaël Proust"
"1435","Ludovic Vigogne"
"1436","Emmanuelle Ducros"
"1437","Cyrille Lachèvre"
"1438","Béatrice Houchard"
"1439","Pierre Vermeren"
"1440","6 Medias"
"1441","Ludovic Vigogne"
"1442","Caroline Vigoureux"
"1443","Caroline Vigoureux"
"1444","Nicolas Beytout"
"1445","Béatrice Houchard"
"1446","Irène Inchauspé"
"1447","Hakim El Karoui"
"1448","Alexandre Malafaye"
"1449","6 Medias"
"1450","Nathalie Segaunes"
"1451","Raphaël Proust"
"1452","Caroline Vigoureux"
"1453","Nathalie Segaunes"
"1454","Cyrille Lachèvre"
"1455","Raphaël Proust"
"1456","6 Medias"
"1457","6 Medias"
"1458","Irène Inchauspé"
"1459","6 Medias"
"1460","Irène Inchauspé"
"1461","Ludovic Vigogne"
"1462","Jean-Jérôme Bertolus"
"1463","Emmanuelle Ducros"
"1464","Irène Inchauspé"
"1465","Nathalie Segaunes"
"1466","Raphaël Proust"
"1467","Béatrice Houchard"
"1468","Raphaël Proust"
"1469","Béatrice Houchard"
"1470","6 Medias"
"1471","6 Medias"
"1472","6 Medias"
"1473","Cyril Lacarrière"
"1474","Béatrice Houchard"
"1475","Nathalie Segaunes"
"1476","Raphaël Legendre"
"1477","Jean-Dominique Merchet"
"1478","Fanny Guinochet"
"1479","Caroline Vigoureux"
"1480","Nathalie Segaunes"
"1481","Jean-Jérôme Bertolus"
"1482","Nathalie Segaunes"
"1483","Ludovic Vigogne"
"1484","Jean-Jérôme Bertolus"
"1485","Ludovic Vigogne"
"1486","6 Medias"
"1487","6 Medias"
"1488","Irène Inchauspé"
"1489","Raphaël Proust"
"1490","Béatrice Houchard"
"1491","Irène Inchauspé"
"1492","Jean-Jérôme Bertolus"
"1493","Ludovic Vigogne"
"1494","Ludovic Vigogne"
"1495","Cyrille Lachèvre"
"1496","6 Medias"
"1497","Anne Coffinier"
"1498","6 Medias"
"1499","Nathalie Segaunes"
"1500","Cyril Lacarrière"
"1501","Nicolas Beytout"
"1502","6 Medias"
"1503","Raphaël Proust"
"1504","Ludovic Vigogne"
"1505","Hakim El Karoui"
"1506","Raphaël Proust"
"1507","Béatrice Houchard"
"1508","Ludovic Vigogne"
"1509","Olivier Auguste"
"1510","Ludovic Vigogne"
"1511","6 Medias"
"1512","6 Medias"
"1513","Jean-Jérôme Bertolus"
"1514","Caroline Vigoureux"
"1515","Cyril Lacarrière"
"1516","Béatrice Houchard"
"1517","Ludovic Vigogne"
"1518","Gilles Savary"
"1519","Jean-Jérôme Bertolus"
"1520","Irène Inchauspé"
"1521","Caroline Vigoureux"
"1522","Irène Inchauspé"
"1523","Raphaël Proust"
"1524","Nathalie Segaunes"
"1525","Nicolas Beytout"
"1526","6 Medias"
"1527","Irène Inchauspé"
"1528","Irène Inchauspé"
"1529","Patrick Devedjian"
"1530","6 Medias"
"1531","Caroline Vigoureux"
"1532","Caroline Vigoureux"
"1533","Nathalie Segaunes"
"1534","Jean-Jérôme Bertolus"
"1535","Cyril Lacarrière"
"1536","Béatrice Houchard"
"1537","6 Medias"
"1538","Stéphane Viry, Julien Aubert et 9 élus LR"
"1539","Béatrice Houchard"
"1540","Ludovic Vigogne"
"1541","Ludovic Vigogne"
"1542","Ludovic Vigogne"
"1543","Irène Inchauspé"
"1544","Raphaël Proust"
"1545","Hakim El Karoui"
"1546","6 Medias"
"1547","Raphaël Legendre"
"1548","Nathalie Segaunes"
"1549","Nathalie Segaunes"
"1550","Eric Le Boucher"
"1551","Irène Inchauspé"
"1552","Erwan Le Noan"
"1553","6 Medias"
"1554","Raphaël Proust"
"1555","Irène Inchauspé"
"1556","Béatrice Houchard"
"1557","Jean-Jérôme Bertolus"
"1558","Nicolas Beytout"
"1559","Caroline Vigoureux"
"1560","Caroline Vigoureux"
"1561","6 Medias"
"1562","Béatrice Houchard"
"1563","Jean-Dominique Merchet"
"1564","Zaki Laïdi"
"1565","Raphaël Proust"
"1566","Jean-Dominique Merchet"
"1567","Raphaël Proust"
"1568","Patrick Devedjian"
"1569","Cyril Lacarrière"
"1570","Jean-Jérôme Bertolus"
"1571","Irène Inchauspé"
"1572","Rémi Godeau"
"1573","Laurence Arribagé, Sabine Bernasconi, Geoffroy Didier, Virginie Duby-Muller, Agnès Evren, Gilles Mentré, Maxime Minot, Robin Reda "
"1574","Raphaël Proust"
"1575","Jean-Jérôme Bertolus"
"1576","Jean-Jérôme Bertolus"
"1577","Jean-Jérôme Bertolus"
"1578","Nicolas Beytout"
"1579","Alexandre Malafaye"
"1580","Hakim El Karoui"
"1581","6 Medias"
"1582","6 Medias"
"1583","Caroline Vigoureux"
"1584","Raphaël Proust"
"1585","Rémi Godeau"
"1586","6 Medias"
"1587","Jean-Jérôme Bertolus"
"1588","Pierre Bédier"
"1589","Caroline Vigoureux"
"1590","Rémi Godeau"
"1591","Jean-Dominique Merchet"
"1592","Irène Inchauspé"
"1593","Guillaume Durand"
"1594","Cyril Lacarrière"
"1595","Gilles Savary"
"1596","Cyril Lacarrière"
"1597","Raphaël Proust"
"1598","Jean-Jérôme Bertolus"
"1599","Olivier Auguste"
"1600","Cyril Lacarrière"
"1601","Patrick Devedjian"
"1602","Irène Inchauspé"
"1603","6 Medias"
"1604","Raphaël Proust"
"1605","Jean-Dominique Merchet"
"1606","Ludovic Vigogne"
"1607","6Medias"
"1608","Jean-Jérôme Bertolus"
"1609","Ludovic Vigogne"
"1610","Hakim El Karoui"
"1611","Alexandre Malafaye"
"1612","6Medias"
"1613","6Medias"
"1614","Ludovic Vigogne"
"1615","Hervé Novelli"
"1616","Cyrille Lachèvre"
"1617","Irène Inchauspé"
"1618","Eric Le Boucher"
"1619","Ludovic Vigogne"
"1620","Erwan Le Noan"
"1621","Ludovic Vigogne"
"1622","6 Medias"
"1623","Nathalie Segaunes"
"1624","Béatrice Houchard"
"1625","Béatrice Houchard"
"1626","Xavier Fournier"
"1627","6 Medias"
"1628","Irène Inchauspé"
"1629","Nathalie Segaunes"
"1630","Ludovic Vigogne"
"1631","Nicolas Beytout"
"1632","Ludovic Vigogne"
"1633","Jean-Jérôme Bertolus"
"1634","6 Medias"
"1635","6 Medias"
"1636","6 Medias"
"1637","Ludovic Vigogne"
"1638","Ludovic Vigogne"
"1639","Jean-Jérôme Bertolus"
"1640","Nathalie Segaunes"
"1641","Irène Inchauspé"
"1642","6 Medias"
"1643","Ludovic Vigogne"
"1644","6 Medias"
"1645","Nathalie Segaunes"
"1646","Béatrice Houchard"
"1647","Jean-Jérôme Bertolus"
"1648","6 Medias"
"1649","Irène Inchauspé"
"1650","Ludovic Vigogne"
"1651","Jerôme Dubus"
"1652","Ludovic Vigogne"
"1653","Jean-Jérôme Bertolus"
"1654","Ludovic Vigogne"
"1655","Rémi Godeau"
"1656","Béatrice Houchard"
"1657","Hakim El Karoui"
"1658","Alexandre Malafaye"
"1659","6 Medias"
"1660","Raphaël Proust"
"1661","Raphaël Proust"
"1662","Irène Inchauspé"
"1663","Eric Le Boucher"
"1664","Raphaël Proust"
"1665","Irène Inchauspé"
"1666","Jean-Dominique Merchet"
"1667","Nathalie Segaunes"
"1668","Olivier Auguste"
"1669","Jonas Haddad"
"1670","Jean-Dominique Merchet"
"1671","Jean-Dominique Merchet"
"1672","Jean-Dominique Merchet"
"1673","Nicolas Beytout"
"1674","Jean-Jérôme Bertolus"
"1675","Raphaël Proust"
"1676","Raphaël Proust"
"1677","Gilles Savary"
"1678","Raphaël Proust"
"1679","Jean-Jérôme Bertolus"
"1680","Nathalie Segaunes"
"1681","Nicolas Beytout"
"1682","Raphaël Proust"
"1683","Irène Inchauspé"
"1684","Ludovic Vigogne"
"1685","Nathalie Segaunes"
"1686","Olivier Babeau"
"1687","6 Medias"
"1688","Patrick Devedjian"
"1689","6 Medias"
"1690","Irène Inchauspé"
"1691","Nathalie Segaunes"
"1692","Jean-Jérôme Bertolus"
"1693","Irène Inchauspé"
"1694","Nicolas Beytout"
"1695","Caroline Vigoureux"
"1696","Caroline Vigoureux"
"1697","Raphaël Proust"
"1698","Ludovic Vigogne"
"1699","Jean-Jérôme Bertolus"
"1700","Ludovic Vigogne"
"1701","Nicolas Beytout"
"1702","Béatrice Houchard"
"1703","Irène Inchauspé"
"1704","6 Medias"
"1705","Alexandre Malafaye"
"1706","6 Medias"
"1707","Ludovic Vigogne"
"1708","Ludovic Vigogne"
"1709","Rémi Godeau"
"1710","Nathalie Segaunes"
"1711","Irène Inchauspé"
"1712","Erwan Le Noan"
"1713"," Louis Giscard d’Estaing,  Président Les Idées.fr et vice-Président de l’UDI"
"1714","Jean-Jérôme Bertolus"
"1715","Béatrice Houchard"
"1716","Irène Inchauspé"
"1717","Jean-Jérôme Bertolus"
"1718","Béatrice Houchard"
"1719","Ludovic Vigogne"
"1720","Raphaël Proust"
"1721","Jean-Dominique Merchet"
"1722","Emmanuelle Ducros"
"1723","Ivanne Trippenbach"
"1724","Jean-Jérôme Bertolus"
"1725","Raphaël Legendre"
"1726","Raphaël Proust"
"1727","Raphaël Proust"
"1728","Béatrice Houchard"
"1729","Ludovic Vigogne"
"1730","Fourquet Jérôme"
"1731","Patrick Devedjian"
"1732","Béatrice Houchard"
"1733","Irène Inchauspé"
"1734","Nathalie Segaunes"
"1735","Jean-Dominique Merchet"
"1736","Ivanne Trippenbach"
"1737","Jean-Jérôme Bertolus"
"1738","Zaki Laïdi"
"1739","l'Opinion vidéos"
"1740","l'Opinion vidéos"
"1741","l'Opinion vidéos"
"1742","l'Opinion vidéos"
"1743","6 Medias"
"1744","Ludovic Vigogne"
"1745","Nathalie Segaunes"
"1746","Alexandre Malafaye"
"1747","6 Medias"
"1748","Gilles Savary"
"1749","Ivanne Trippenbach"
"1750","Béatrice Houchard"
"1751","l'Opinion vidéos"
"1752","l'Opinion vidéos"
"1753","l'Opinion vidéos"
"1754","6 Medias"
"1755","Nicolas Beytout"
"1756","Raphaël Legendre"
"1757","Nathalie Segaunes"
"1758","Ivanne Trippenbach"
"1759","Erwan Le Noan"
"1760","6 Medias"
"1761","Raphaël Proust"
"1762","Ivanne Trippenbach"
"1763","Irène Inchauspé"
"1764","6 Medias"
"1765","Cyril Lacarrière"
"1766","Raphaël Proust"
"1767","Nathalie Segaunes"
"1768","Olivier Auguste"
"1769","Pascal Airault"
"1770","6 Medias"
"1771","Béatrice Houchard"
"1772","Irène Inchauspé"
"1773","Jean-Jérôme Bertolus"
"1774","Jean-Dominique Merchet"
"1775","6 Medias"
"1776","Jean-Jérôme Bertolus"
"1777","Nathalie Segaunes"
"1778","Emmanuelle Ducros"
"1779","6 Medias"
"1780","Nathalie Segaunes"
"1781","Caroline Vigoureux"
"1782","Jean-Baptiste Mauvais"
"1783","Raphaël Proust"
"1784","Nathalie Segaunes"
"1785","Ivanne Trippenbach"
"1786","Fanny Guinochet"
"1787","Joséphine Staron et Audrey Strochlic"
"1788","Pascal Perrineau"
"1789","Ivanne Trippenbach"
"1790","Ludovic Vigogne"
"1791","Jean-Dominique Merchet"
"1792","Béatrice Houchard"
"1793","Ludovic Vigogne"
"1794","Olivier Auguste"
"1795","Hakim El Karoui"
"1796","Caroline Vigoureux"
"1797","Nathalie Segaunes"
"1798","6 Medias"
"1799","6 Medias"
"1800","6 Medias"
"1801","6 Medias"
"1802","6 Medias"
"1803","Ludovic Vigogne"
"1804","Jean-Dominique Merchet"
"1805","Ludovic Vigogne"
"1806","Béatrice Houchard"
"1807","Caroline Vigoureux"
"1808","Nicolas Beytout"
"1809","6 Medias"
"1810","Ludovic Vigogne"
"1811","Nathalie Segaunes"
"1812","l'Opinion vidéos"
"1813","l'Opinion vidéos"
"1814","Nicolas Beytout"
"1815","Béatrice Houchard"
"1816","Jean-Jérôme Bertolus"
"1817","Brice Couturier"
"1818","l'Opinion vidéos"
"1819","l'Opinion vidéos"
"1820","Nicolas Beytout"
"1821","Fabrice Lorvo"
"1822","Ludovic Vigogne"
"1823","Nathalie Segaunes"
"1824","Raphaël Proust"
"1825","Caroline Vigoureux"
"1826","Rémi Godeau"
"1827","Eric Le Boucher"
"1828","Jean-Jérôme Bertolus"
"1829","Hakim El Karoui"
"1830","6 Medias"
"1831","6 Medias"
"1832","l’Opinion"
"1833","6 Medias"
"1834","Jean-Jérôme Bertolus"
"1835","l'Opinion vidéos"
"1836","l'Opinion vidéos"
"1837","l'Opinion vidéos"
"1838","Ivanne Trippenbach"
"1839","Ivanne Trippenbach"
"1840","Nathalie Segaunes"
"1841","Ivanne Trippenbach"
"1842","Nicolas Beytout"
"1843","Gilles Sengès"
"1844","Raphaël Proust"
"1845","6 Medias"
"1846","Gilles Savary"
"1847","l'Opinion vidéos"
"1848","l'Opinion vidéos"
"1849","l'Opinion vidéos"
"1850","L’Opinion"
"1851","Cyril Lacarrière"
"1852","Béatrice Houchard"
"1853","Nathalie Segaunes"
"1854","Jean-Jérôme Bertolus"
"1855","Rémi Godeau"
"1856","6 Medias"
"1857","l'Opinion vidéos"
"1858","l'Opinion vidéos"
"1859","l'Opinion vidéos"
"1860","6 Medias"
"1861","Jean-Jérôme Bertolus"
"1862","Nathalie Segaunes"
"1863","Raphaël Proust"
"1864","Caroline Vigoureux"
"1865","Raphaël Proust"
"1866","6 Medias"
"1867","Irène Inchauspé"
"1868","Ivanne Trippenbach"
"1869","Raphaël Proust"
"1870","Jean-Jérôme Bertolus"
"1871","Ludovic Vigogne"
"1872","Irène Inchauspé"
"1873","6 Medias"
"1874","Alexandre Malafaye"
"1875","6 Medias"
"1876","Nathalie Segaunes"
"1877","Nicolas Beytout"
"1878","Caroline Vigoureux"
"1879","6 Medias"
"1880","6 Medias"
"1881","Ludovic Vigogne"
"1882","l'Opinion vidéos"
"1883","l'Opinion vidéos"
"1884","l'Opinion vidéos"
"1885","l'Opinion vidéos"
"1886","Caroline Vigoureux"
"1887","Ludovic Vigogne"
"1888","Raphaël Proust"
"1889","Nicolas Beytout"
"1890","Béatrice Houchard"
"1891","6 Medias"
"1892","6 Medias"
"1893","6 Medias"
"1894","Raphaël Proust"
"1895","Irène Inchauspé"
"1896","Caroline Vigoureux"
"1897","Nathalie Segaunes"
"1898","Rémi Godeau"
"1899","Brune Poirson et Delphine Gény-Stephann"
"1900","Ludovic Vigogne"
"1901","Othman Nasrou"
"1902","Nathalie Segaunes"
"1903","Olivier Babeau"
"1904","6 Medias"
"1905","6 Medias"
"1906","Patrick Devedjian"
"1907","6 Medias"
"1908","Nathalie Segaunes"
"1909","Nathalie Segaunes"
"1910","Raphaël Proust"
"1911","Ludovic Vigogne"
"1912","Jean-Jérôme Bertolus"
"1913","Nathalie Segaunes"
"1914","Nicolas Beytout"
"1915","6 Medias"
"1916","Béatrice Houchard"
"1917","Nathalie Segaunes"
"1918","Raphaël Proust"
"1919","Ludovic Vigogne"
"1920","Raphaël Proust"
"1921","Irène Inchauspé"
"1922","Irène Inchauspé"
"1923","Ludovic Vigogne"
"1924","Hakim El Karoui"
"1925","Alexandre Malafaye"
"1926","6 Medias"
"1927","Ludovic Vigogne"
"1928","Ludovic Vigogne"
"1929","Olivier Auguste"
"1930","Irène Inchauspé"
"1931","Ludovic Vigogne"
"1932","Cécile Dejoux"
"1933","Ivanne Trippenbach"
"1934","6 Medias"
"1935","l'Opinion vidéos"
"1936","Nathalie Segaunes"
"1937","l’Opinion"
"1938","Ludovic Vigogne"
"1939","6 Medias"
"1940","Michaël Miguères"
"1941","l'Opinion vidéos"
"1942","Caroline Vigoureux"
"1943","Irène Inchauspé"
"1944","Cyril Lacarrière"
"1945","Irène Inchauspé"
"1946","Irène Inchauspé"
"1947","Gilles Savary"
"1948","Béatrice Houchard"
"1949","Béatrice Houchard"
"1950","Nathalie Segaunes"
"1951","Ivanne Trippenbach"
"1952","Caroline Vigoureux"
"1953","Patrick Devedjian"
"1954","Raphaël Proust"
"1955","Olivier Babeau"
"1956","Ludovic Vigogne"
"1957","Ivanne Trippenbach"
"1958","Jean-Jérôme Bertolus"
"1959","Ludovic Vigogne"
"1960","Nicolas Beytout"
"1961","Cyril Lacarrière"
"1962","Béatrice Houchard"
"1963","Irène Inchauspé"
"1964","6 Medias"
"1965","Nathalie Segaunes"
"1966","Ludovic Vigogne"
"1967","Ludovic Vigogne"
"1968","Nicolas Beytout"
"1969","Raphaël Proust"
"1970","Jean-Dominique Merchet"
"1971","Ludovic Vigogne"
"1972","Raphaël Proust"
"1973","Ivanne Trippenbach"
"1974","Hakim El Karoui"
"1975","Alexandre Malafaye"
"1976","6 Medias"
"1977","Ivanne Trippenbach"
"1978","Nathalie Segaunes"
"1979","Caroline Vigoureux"
"1980","Béatrice Houchard"
"1981","Rémi Godeau"
"1982","Raphaël Proust"
"1983","Irène Inchauspé"
"1984","6 Medias"
"1985","6 Medias"
"1986","6 Medias"
"1987","Irène Inchauspé"
"1988","Raphaël Proust"
"1989","Ivanne Trippenbach"
"1990","Jean-Jérôme Bertolus"
"1991","Nathalie Segaunes"
"1992","Rémi Godeau"
"1993","6 Medias"
"1994","Jean-Dominique Merchet"
"1995","6 Medias"
"1996","Jean-Jérôme Bertolus"
"1997","6 Medias"
"1998","6 Medias"
"1999","Jean-Jérôme Bertolus"
"2000","Caroline Vigoureux"
"2001","Nicolas Beytout"
"2002","l'Opinion vidéos"
"2003","6 Medias"
"2004","Ludovic Vigogne"
"2005","Raphaël Legendre"
"2006","Ludovic Vigogne"
"2007","Virginie Calmels, Aurélien Véron et Pierre-Gilles Tronconi"
"2008","Caroline Vigoureux"
"2009","Raphaël Proust"
"2010","L’Opinion"
"2011","Caroline Vigoureux"
"2012","Rémi Godeau"
"2013","Ludovic Vigogne"
"2014","Irène Inchauspé"
"2015","6 Medias"
"2016","Raphaël Legendre"
"2017","Béatrice Houchard"
"2018","Ivanne Trippenbach"
"2019","Hakim El Karoui"
"2020","6 Medias"
"2021","Alexandre Malafaye"
"2022","Jean-Jérôme Bertolus"
"2023","Béatrice Houchard"
"2024","Béatrice Houchard"
"2025","Jean-Jérôme Bertolus"
"2026","Jean-Jérôme Bertolus"
"2027","Raphaël Proust"
"2028","Irène Inchauspé"
"2029","Béatrice Houchard"
"2030","Raphaël Proust"
"2031","6 Medias"
"2032","Nathalie Segaunes"
"2033","l’Opinion"
"2034","Irène Inchauspé"
"2035","6 Medias"
"2036","Irène Inchauspé"
"2037","Caroline Vigoureux"
"2038","Ivanne Trippenbach"
"2039","Nathalie Segaunes"
"2040","Irène Inchauspé"
"2041","Pieyre-Alexandre Anglade "
"2042","Rémi Godeau"
"2043","6 Medias"
"2044","6 Medias"
"2045","Gilles Savary"
"2046","6 Medias"
"2047","Nathalie Segaunes"
"2048","Caroline Vigoureux"
"2049","Ludovic Vigogne"
"2050","Ivanne Trippenbach"
"2051","Béatrice Houchard"
"2052","Caroline Vigoureux"
"2053","Olivier Babeau"
"2054","Irène Inchauspé"
"2055","6 Medias"
"2056","Ivanne Trippenbach"
"2057","Patrick Devedjian"
"2058","La France audacieuse"
"2059","Béatrice Houchard"
"2060","Nathalie Segaunes"
"2061","Ludovic Vigogne"
"2062","Jean-Jérôme Bertolus"
"2063","Ludovic Vigogne"
"2064","L’Opinion"
"2065","Nicolas Beytout"
"2066","Alexandre Malafaye"
"2067","Irène Inchauspé"
"2068","Les Républicains Sciences Po"
"2069","Béatrice Houchard"
"2070","6 Medias"
"2071","Béatrice Houchard"
"2072","Jean-Jérôme Bertolus"
"2073","Nathalie Segaunes"
"2074","Nicolas Beytout"
"2075","6 Medias"
"2076","6 Medias"
"2077","Erwan Le Noan"
"2078","Caroline Vigoureux"
"2079","6 Medias"
"2080","Jean-Jérôme Bertolus"
"2081","Ludovic Vigogne"
"2082","Nicolas Beytout"
"2083","Jérôme Fourquet et Chloé Morin "
"2084","Ludovic Vigogne"
"2085","Jean-Jérôme Bertolus"
"2086","6 Medias"
"2087","6 Medias"
"2088","Nathalie Segaunes"
"2089","Ivanne Trippenbach"
"2090","Nathalie Segaunes"
"2091","Jean-Jérôme Bertolus"
"2092","Nathalie Segaunes"
"2093","Ludovic Vigogne"
"2094","Nicolas Beytout"
"2095","Béatrice Houchard"
"2096","Béatrice Houchard"
"2097","Alexandre Malafaye"
"2098","Béatrice Houchard"
"2099","Raphaël Proust"
"2100","6 Medias"
"2101","Raphaël Proust"
"2102","Ivanne Trippenbach"
"2103","Jean-Jérôme Bertolus"
"2104","Nathalie Segaunes"
"2105","Patrick Devedjian"
"2106","6 Medias"
"2107","Matthias Fekl"
"2108","Olivier Babeau"
"2109","6 Medias"
"2110","Ivanne Trippenbach"
"2111","Caroline Vigoureux"
"2112","Ludovic Vigogne"
"2113","Nicolas Beytout"
"2114","6 Medias"
"2115","Zaki Laïdi"
"2116","6 Medias"
"2117","Cyril Lacarrière"
"2118","Béatrice Houchard"
"2119","Jean-Jérôme Bertolus"
"2120","Nathalie Segaunes"
"2121","Ludovic Vigogne"
"2122","Nicolas Beytout"
"2123","Raphaël Proust"
"2124","Irène Inchauspé"
"2125","Fabrice Lorvo"
"2126","Irène Inchauspé"
"2127","6 Medias"
"2128","Raphaël Proust"
"2129","Cyril Lacarrière"
"2130","Ivanne Trippenbach"
"2131","Rémi Godeau"
"2132","Caroline Vigoureux"
"2133","Marie-Christine Levet"
"2134","Eric Le Boucher"
"2135","Béatrice Houchard"
"2136","Ivanne Trippenbach"
"2137","Erwan Le Noan"
"2138","6 Medias"
"2139","6 Medias"
"2140","Irène Inchauspé"
"2141","Jean-Jérôme Bertolus"
"2142","6 Medias"
"2143","Caroline Vigoureux"
"2144","Nathalie Segaunes"
"2145","Nicolas Beytout"
"2146","Béatrice Houchard"
"2147","Jean-Dominique Merchet"
"2148","6 Medias"
"2149","Gilles Savary"
"2150","Jean-Jérôme Bertolus"
"2151","Ivanne Trippenbach"
"2152","Caroline Vigoureux"
"2153","Nathalie Segaunes"
"2154","Ludovic Vigogne"
"2155","Raphaël Proust"
"2156","Rémi Godeau"
"2157","Patrick Devedjian"
"2158","Jean-Dominique Merchet"
"2159","Irène Inchauspé"
"2160","Olivier Babeau"
"2161","6 Medias"
"2162","Ludovic Vigogne"
"2163","Béatrice Houchard"
"2164","Raphaël Proust"
"2165","Nicolas Beytout"
"2166","6 Medias"
"2167","Ivanne Trippenbach"
"2168","Béatrice Houchard"
"2169","Irène Inchauspé"
"2170","Jean-Jérôme Bertolus"
"2171","Nathalie Segaunes"
"2172","Caroline Vigoureux"
"2173","Nicolas Beytout"
"2174","Jérôme Dubus"
"2175","Guillaume Durand"
"2176","Jean-Dominique Merchet"
"2177","6 Medias"
"2178","6 Medias"
"2179","Alexandre Malafaye"
"2180","Erwan Le Noan"
"2181","6 Medias"
"2182","6 Medias"
"2183","Béatrice Houchard"
"2184","Jean-Dominique Merchet"
"2185","Raphaël Proust"
"2186","Jean-Jérôme Bertolus"
"2187","Béatrice Houchard"
"2188","Béatrice Houchard"
"2189","6 Medias"
"2190","Caroline Vigoureux"
"2191","Irène Inchauspé"
"2192","Béatrice Houchard"
"2193","Olivier Babeau"
"2194","Caroline Vigoureux"
"2195","Irène Inchauspé"
"2196","6 Medias"
"2197","Jean-Jérôme Bertolus"
"2198","Cyril Lacarrière"
"2199","Jean-Jérôme Bertolus"
"2200","Jean-Jérôme Bertolus"
"2201","Nathalie Segaunes"
"2202","Raphaël Proust"
"2203","Nicolas Beytout"
"2204","Irène Inchauspé"
"2205","Jean-Dominique Merchet"
"2206","Béatrice Houchard"
"2207","Alexandre Malafaye"
"2208","6 Medias"
"2209","Hakim El Karoui"
"2210","Irène Inchauspé"
"2211","Isabelle Marchais"
"2212","Béatrice Houchard"
"2213","Irène Inchauspé"
"2214","Nathalie Segaunes"
"2215","Nathalie Segaunes"
"2216","Nicolas Beytout"
"2217","Jean-Dominique Merchet"
"2218","Irène Inchauspé"
"2219","6 Medias"
"2220","6 Medias"
"2221","6 Medias"
"2222","Cécile Dejoux est  Professeur des universités au Cnam, Auteur « du manager agile au leader designer », topo, dunod, 2017, @CecileDej"
"2223","l’Opinion"
"2224","Romain Segond"
"2225","Jean-Dominique Merchet"
"2226","Irène Inchauspé"
"2227","Jean-Jérôme Bertolus"
"2228","Jean-Jérôme Bertolus"
"2229","Nicolas Beytout"
"2230","Caroline Vigoureux"
"2231","Eric Ciotti et 32 députés LR "
"2232","Ludovic Vigogne"
"2233","Aurélien Pradié"
"2234","Gilles Savary"
"2235","Irène Inchauspé"
"2236","6 Medias"
"2237","Nathalie Segaunes"
"2238","Jean-Dominique Merchet"
"2239","Jean-Dominique Merchet"
"2240","Raphaël Proust"
"2241","Jean-Jérôme Bertolus"
"2242","Nicolas Beytout"
"2243","Béatrice Houchard"
"2244","Olivier Babeau"
"2245","6 Medias"
"2246","Olivier Babeau"
"2247","6 Medias"
"2248","6 Medias"
"2249","Patrick Devedjian"
"2250","Julien Aubert et 19 députés LR"
"2251","Irène Inchauspé"
"2252","Ludovic Vigogne"
"2253","Nathalie Segaunes"
"2254","Raphaël Proust"
"2255","Jean-Jérôme Bertolus"
"2256","Nicolas Beytout"
"2257","Caroline Vigoureux"
"2258","Nathalie Segaunes"
"2259","Irène Inchauspé"
"2260","6 Medias"
"2261","6 Medias"
"2262","6 Medias"
"2263","Raphaël Proust"
"2264","Ludovic Vigogne"
"2265","Ludovic Vigogne"
"2266","Ludovic Vigogne"
"2267","Nicolas Beytout"
"2268","Hakim El Karoui"
"2269","Alexandre Malafaye"
"2270","6 Medias"
"2271","6 Medias"
"2272","Jean-Jérôme Bertolus"
"2273","Jean-Jérôme Bertolus"
"2274","Nathalie Segaunes"
"2275","Ludovic Vigogne"
"2276","Rémi Godeau"
"2277","Jean-Pierre Rioux"
"2278","6 Medias"
"2279","6 Medias"
"2280","Stéphane Tiki"
"2281","Béatrice Houchard"
"2282","6 Medias"
"2283","Béatrice Houchard"
"2284","Nathalie Segaunes"
"2285","Caroline Vigoureux"
"2286","Nathalie Segaunes"
"2287","Rémi Godeau"
"2288","6 Medias"
"2289","François de Closets"
"2290","6 Medias"
"2291","Béatrice Houchard"
"2292","Béatrice Houchard"
"2293","Jean-Jérôme Bertolus"
"2294","Béatrice Houchard"
"2295","Caroline Vigoureux"
"2296","Béatrice Houchard"
"2297","Nicolas Beytout"
"2298","Guillaume Durand"
"2299","Patrick Devedjian"
"2300","Béatrice Houchard"
"2301","6 Medias"
"2302","Jean-Dominique Merchet"
"2303","Nicolas Beytout"
"2304","Jean-Jérôme Bertolus"
"2305","Nathalie Segaunes"
"2306","Raphaël Proust"
"2307","Raphaël Proust"
"2308","Ludovic Vigogne"
"2309","6 Medias"
"2310","6 Medias"
"2311","Erwan Le Noan"
"2312","Caroline Vigoureux"
"2313","Raphaël Proust"
"2314","Nathalie Segaunes"
"2315","Ludovic Vigogne"
"2316","Alexandre Malafaye"
"2317","6 Medias"
"2318","Ludovic Vigogne"
"2319","Ivanne Trippenbach"
"2320","Hakim El Karoui"
"2321","Cyril Lacarrière"
"2322","6 Medias"
"2323","Ludovic Vigogne"
"2324","Raphaël Proust"
"2325","Nathalie Segaunes"
"2326","Nathalie Segaunes"
"2327","Nicolas Beytout"
"2328","Jean-Dominique Merchet"
"2329","Béatrice Houchard"
"2330","Eric Le Boucher"
"2331","6 Medias"
"2332","6 Medias"
"2333","6 Medias"
"2334","Nathalie Segaunes"
"2335","6 Medias"
"2336","l'Opinion vidéos"
"2337","Caroline Vigoureux"
"2338","Caroline Vigoureux"
"2339","Ludovic Vigogne"
"2340","Nathalie Segaunes"
"2341","Rémi Godeau"
"2342","Nathalie Segaunes"
"2343","Gilles Savary"
"2344","6 Medias"
"2345","Ludovic Vigogne"
"2346","Ludovic Vigogne"
"2347","Raphaël Proust"
"2348","Ludovic Vigogne"
"2349","Ludovic Vigogne"
"2350","Béatrice Houchard"
"2351","Patrick Devedjian"
"2352","6 Medias"
"2353","l'Opinion vidéos"
"2354","6 Medias"
"2355","6 Medias"
"2356","6 Medias"
"2357","Caroline Vigoureux"
"2358","Ludovic Vigogne"
"2359","l'Opinion vidéos"
"2360","6 Medias"
"2361","6 Medias"
"2362","6 Medias"
"2363","l'Opinion vidéos"
"2364","6 Medias"
"2365","Nathalie Segaunes"
"2366","Ludovic Vigogne"
"2367","Raphaël Proust"
"2368","Guillaume Larrivé"
"2369","Guillaume Durand"
"2370","Hakim El Karoui"
"2371","6 Medias"
"2372","l'Opinion vidéos"
"2373","Béatrice Houchard"
"2374","Rémi Godeau"
"2375","Ludovic Vigogne"
"2376","Béatrice Houchard"
"2377","Erwan Le Noan"
"2378","6 Medias"
"2379","6 Medias"
"2380","6 Medias"
"2381","l’Opinion"
"2382","6 Medias"
"2383","6 Medias"
"2384","Jean-Louis Costes"
"2385","l'Opinion vidéos"
"2386","Cyril Lacarrière"
"2387","Ludovic Vigogne"
"2388","Caroline Vigoureux"
"2389","Nicolas Beytout"
"2390","Ludovic Vigogne"
"2391","Maher Dahmani et Régis Bourgueil "
"2392","Damien Abad"
"2393","6 Medias"
"2394","6 Medias"
"2395","Raphaël Proust"
"2396","Irène Inchauspé"
"2397","Nathalie Segaunes"
"2398","Caroline Vigoureux"
"2399","Rémi Godeau"
"2400","Raphaël Proust"
"2401","Béatrice Houchard"
"2402","Sébastien Lecornu"
"2403","Patrick Devedjian"
"2404","6 Medias"
"2405","l'Opinion vidéos"
"2406","6 Medias"
"2407","6 Medias"
"2408","Jean-Dominique Merchet"
"2409","6 Medias"
"2410","Irène Inchauspé"
"2411","Guillaume Durand"
"2412","Raphaël Proust"
"2413","Ludovic Vigogne"
"2414","Nathalie Segaunes"
"2415","Ludovic Vigogne"
"2416","Nicolas Beytout"
"2417","Ludovic Vigogne"
"2418","6 Medias"
"2419","Irène Inchauspé"
"2420","l'Opinion vidéos"
"2421","Jean-Dominique Merchet"
"2422","l'Opinion vidéos"
"2423","6 Medias"
"2424","6 Medias"
"2425","Ludovic Vigogne"
"2426","Caroline Vigoureux"
"2427","Raphaël Legendre"
"2428","Nicolas Beytout"
"2429","Nathalie Segaunes"
"2430","l'Opinion vidéos"
"2431","Jean-Dominique Merchet"
"2432","Ludovic Vigogne"
"2433","Caroline Vigoureux"
"2434","Nathalie Segaunes"
"2435","Béatrice Houchard"
"2436","6 Medias"
"2437","Caroline Vigoureux"
"2438","Irène Inchauspé"
"2439","Erwan Le Noan"
"2440","6 Medias"
"2441","6 Medias"
"2442","Raphaël Proust"
"2443","l’Opinion"
"2444","Cyril Lacarrière"
"2445","6 Medias"
"2446","6 Medias"
"2447","6 Medias"
"2448","Raphaël Legendre"
"2449","Ludovic Vigogne"
"2450","Irène Inchauspé"
"2451","Béatrice Houchard"
"2452","Gilles Savary"
"2453","Irène Inchauspé"
"2454","6 Medias"
"2455","Nathalie Segaunes"
"2456","6 Medias"
"2457","Frédéric Dabi et Chloé Morin"
"2458","l'Opinion vidéos"
"2459","l'Opinion vidéos"
"2460","l'Opinion vidéos"
"2461","l'Opinion vidéos"
"2462","6 Medias"
"2463","Jean-Jérôme Bertolus"
"2464","Ludovic Vigogne"
"2465","Raphaël Proust"
"2466","Ludovic Vigogne"
"2467","Nathalie Segaunes"
"2468","Ludovic Vigogne"
"2469","Caroline Vigoureux"
"2470","Jean-Dominique Merchet"
"2471","Ludovic Vigogne"
"2472","Pierre-Alexandre Anglade"
"2473","Jean-Jérôme Bertolus"
"2474","Patrick Devedjian"
"2475","l'Opinion vidéos"
"2476","l'Opinion vidéos"
"2477","l'Opinion vidéos"
"2478","l'Opinion vidéos"
"2479","Caroline Vigoureux"
"2480","Jean-Jérôme Bertolus"
"2481","Nicolas Beytout"
"2482","6 Medias"
"2483","Alexandre Malafaye"
"2484","Jean-Christophe Cambadélis"
"2485","Irène Inchauspé"
"2486","Caroline Vigoureux"
"2487","Ludovic Vigogne"
"2488","Irène Inchauspé"
"2489","Jean-Jérôme Bertolus"
"2490","Nicolas Beytout"
"2491","Béatrice Houchard"
"2492","Geoffroy Didier"
"2493","6 Medias"
"2494","Raphaël Proust"
"2495","Ludovic Vigogne"
"2496","Caroline Vigoureux"
"2497","Irène Inchauspé"
"2498","Eric Le Boucher"
"2499","Ivanne Trippenbach"
"2500","Erwan Le Noan"
"2501","Raphaël Proust"
"2502","6 Medias"
"2503","Romain Segond"
"2504","Fanny Guinochet"
"2505","Béatrice Houchard"
"2506","6 Medias"
"2507","Béatrice Houchard"
"2508","Jean-Jérôme Bertolus"
"2509","Jean-Jérôme Bertolus"
"2510","Cyril Lacarrière"
"2511","Rémi Godeau"
"2512","Jean-Jérôme Bertolus"
"2513","Béatrice Houchard"
"2514","6 Medias"
"2515","6 Medias"
"2516","Fanny Guinochet"
"2517","Raphaël Proust"
"2518","Caroline Vigoureux"
"2519","Patrick Devedjian"
"2520","6 Medias"
"2521","Olivier Babeau"
"2522","Jean-Jérôme Bertolus"
"2523","6 Medias"
"2524","6 Medias"
"2525","Caroline Vigoureux"
"2526","Béatrice Houchard"
"2527","Ivanne Trippenbach"
"2528","Nicolas Beytout"
"2529","Julien Aubert"
"2530","Jean-Jérôme Bertolus"
"2531","Ludovic Vigogne"
"2532","Nicolas Beytout"
"2533","Irène Inchauspé"
"2534","6 Medias"
"2535","Alexandre Malafaye"
"2536","Nicolas Beytout"
"2537","Nathalie Segaunes"
"2538","Raphaël Proust"
"2539","Erwan Le Noan"
"2540","6 Medias"
"2541","6 Medias"
"2542","6 Medias"
"2543","Nathalie Segaunes"
"2544","l’Opinion"
"2545","6 Medias"
"2546","Irène Inchauspé"
"2547","Raphaël Proust"
"2548","6 Medias"
"2549","Léa Moukanas"
"2550","6 Medias"
"2551","Jean-Jérôme Bertolus"
"2552","Cyril Lacarrière"
"2553","Raphaël Proust"
"2554","Nicolas Beytout"
"2555","Ivanne Trippenbach"
"2556","Jean-Dominique Merchet"
"2557","Ivanne Trippenbach"
"2558","6 Medias"
"2559","Gilles Savary"
"2560","6 Medias"
"2561","Nathalie Segaunes"
"2562","Jean-Jérôme Bertolus"
"2563","Jean-Dominique Merchet"
"2564","Pascal Airault"
"2565","Patrick Devedjian"
"2566","Caroline Vigoureux"
"2567","6 Medias"
"2568","Alain Laurent"
"2569","Jean-Jérôme Bertolus"
"2570","Ivanne Trippenbach"
"2571","Caroline Vigoureux"
"2572","Irène Inchauspé"
"2573","Nicolas Beytout"
"2574","Béatrice Houchard"
"2575","6 Medias"
"2576","Jean-Dominique Merchet"
"2577","Les 117 premiers parrains de Maël de Calan"
"2578","Ludovic Vigogne"
"2579","Jean-Jérôme Bertolus"
"2580","Caroline Vigoureux"
"2581","Jean-Jérôme Bertolus"
"2582","Ludovic Vigogne"
"2583","Ivanne Trippenbach"
"2584","Nicolas Beytout"
"2585","Raphaël Proust"
"2586","Alexandre Malafaye"
"2587","Jean-Dominique Merchet"
"2588","Fanny Guinochet"
"2589","Hakim El Karoui"
"2590","6Medias"
"2591","6Medias"
"2592","Ivanne Trippenbach"
"2593","Caroline Vigoureux"
"2594","Fanny Guinochet"
"2595","Béatrice Houchard"
"2596","Caroline Vigoureux"
"2597","Béatrice Houchard"
"2598","Erwan Le Noan"
"2599","Béatrice Houchard"
"2600","Nathalie Segaunes"
"2601","6 Medias"
"2602","6 Medias"
"2603","Rachid Temal"
"2604","6 Medias"
"2605","Chloé Morin"
"2606","Ludovic Vigogne"
"2607","6 Medias"
"2608","6 Medias"
"2609","6 Medias"
"2610","Caroline Vigoureux"
"2611","Ivanne Trippenbach"
"2612","Ivanne Trippenbach"
"2613","Nathalie Segaunes"
"2614","Rémi Godeau"
"2615","Caroline Vigoureux"
"2616","Irène Inchauspé"
"2617","Béatrice Houchard"
"2618","Romain Segond"
"2619","Jean-Jérôme Bertolus"
"2620","6 Medias"
"2621","6 Medias"
"2622","Florence Berthout, Geoffroy Boulard, Pierre Charon, Rachida Dati, Philippe Goujon, Jeanne d’Hautesserre..."
"2623","6 Medias"
"2624","Béatrice Houchard"
"2625","Irène Inchauspé"
"2626","Béatrice Houchard"
"2627","Raphaël Proust"
"2628","Nathalie Segaunes"
"2629","Jean-Jérôme Bertolus"
"2630","Rémi Godeau"
"2631","Irène Inchauspé"
"2632","Caroline Vigoureux"
"2633","Nicolas Vignolles"
"2634","l'Opinion vidéos"
"2635","6 Medias"
"2636","Ivanne Trippenbach"
"2637","Patrick Devedjian"
"2638","Ivanne Trippenbach"
"2639","Nathalie Segaunes"
"2640","Ludovic Vigogne"
"2641","Raphaël Proust"
"2642","Jean-Jérôme Bertolus"
"2643","Ivanne Trippenbach"
"2644","Jean-Jérôme Bertolus"
"2645","Irène Inchauspé"
"2646","6 Medias"
"2647","François de Closets"
"2648","l'Opinion vidéos"
"2649","l'Opinion vidéos"
"2650","l'Opinion vidéos"
"2651","l'Opinion vidéos"
"2652","Ivanne Trippenbach"
"2653","Béatrice Houchard"
"2654","Caroline Vigoureux"
"2655","Nicolas Beytout"
"2656","Dominique Villemot, Jacky Bontems, Philippe-Michel Thibault, Rodrigue Tchouale, Daniel Morel, Valentin Ratel, Anne-Juliette Guignard, Paul-Gydéon Ritvo, Alice Descamps-Delande"
"2657","Alexandre Malafaye"
"2658","6 Medias"
"2659","Hakim El Karoui"
"2660","l'Opinion vidéos"
"2661","l'Opinion vidéos"
"2662","l'Opinion vidéos"
"2663","Ludovic Vigogne"
"2664","Rémi Godeau"
"2665","Ludovic Vigogne"
"2666","Eric Le Boucher"
"2667","Jean-Dominique Merchet"
"2668","Irène Inchauspé"
"2669","Erwan Le Noan"
"2670","Guy Verhofstadt"
"2671","Xavier Bertrand"
"2672","6 Medias"
"2673","6 Medias"
"2674","l'Opinion vidéos"
"2675","6 Medias"
"2676","Caroline Vigoureux"
"2677","6 Medias"
"2678","Cyril Lacarrière"
"2679","Cyril Lacarrière"
"2680","Caroline Vigoureux"
"2681","Jean-Jérôme Bertolus"
"2682","Nathalie Segaunes"
"2683","Ludovic Vigogne"
"2684","Nicolas Beytout"
"2685","Irène Inchauspé"
"2686","6Medias"
"2687","6Medias"
"2688","Jean-Jérôme Bertolus"
"2689","Jean-Jérôme Bertolus"
"2690","Nicolas Beytout"
"2691","Claire Planchou"
"2692","6Medias"
"2693","Romain Poirot-Lellig"
"2694","Patrick Devedjian"
"2695","Jean-Jérôme Bertolus"
"2696","Caroline Vigoureux"
"2697","Ludovic Vigogne"
